{"cameraMode":{"drawMode":0,"name":"Shaded","section":"Shading Mode"},"sceneLighting":false,"audioPlay":false,"sceneViewState":{"showFog":true,"showMaterialUpdate":true,"showSkybox":false,"showFlares":true,"showImageEffects":true,"showParticleSystems":true},"in2DMode":false,"pivot":{"x":-1.929999828338623,"y":0.6399999856948853,"z":-1.5399999618530274},"rotation":{"x":-0.37073829770088198,"y":-0.006410383153706789,"z":0.0025592714082449676,"w":-0.9287117719650269},"size":2.8578836917877199,"orthographic":false}