{"cameraMode":{"drawMode":0,"name":"Shaded","section":"Shading Mode"},"sceneLighting":false,"audioPlay":false,"sceneViewState":{"showFog":true,"showMaterialUpdate":true,"showSkybox":false,"showFlares":true,"showImageEffects":true,"showParticleSystems":true},"in2DMode":false,"pivot":{"x":-1.2741878032684327,"y":0.6499999761581421,"z":-4.825038433074951},"rotation":{"x":-0.3718200623989105,"y":-0.03841771185398102,"z":0.015403435565531254,"w":-0.927381694316864},"size":2.8578836917877199,"orthographic":false}