{"cameraMode":{"drawMode":0,"name":"Shaded","section":"Shading Mode"},"sceneLighting":true,"audioPlay":false,"sceneViewState":{"showFog":true,"showMaterialUpdate":true,"showSkybox":true,"showFlares":true,"showImageEffects":true,"showParticleSystems":true},"in2DMode":false,"pivot":{"x":-0.5468077659606934,"y":-1.6058812141418458,"z":-3.641634941101074},"rotation":{"x":-0.37073829770088198,"y":-0.006410383153706789,"z":0.0025592714082449676,"w":-0.9287117719650269},"size":10.473538398742676,"orthographic":false}